"case","alerts_sent","alerts_received","duplicates","incidents","tickets","failures","processing_time_seconds","result"
"O-10","10","1","9","1","1","0","5.05","DAT"
"O-11","2","1","0","1","1","1","6.292","DAT"
"O-12","1","1","0","1","0","1","32.849","DAT"
"O-13","40","20","20","1","1","0","9.56","DAT"
"O-14","4","2","2","1","1","0","0.667","DAT"
"O-15","2","2","0","2","2","0","0.257","DAT"
"O-16-10","10","10","0","1","1","0","0.31","DAT"
"O-16-50","50","50","0","1","1","0","0.647","DAT"
"O-16-100","100","100","0","1","1","0","1.204","DAT"
