"ma_kiem_thu","ten_tinh_huong","thoi_gian_bat_dau","thoi_gian_phat_hien","thoi_gian_tao_canh_bao","thoi_gian_tao_incident","thoi_gian_tao_phieu","thoi_gian_phuc_hoi","raw_alert_received_at","incident_resolved_at","time_to_detect_seconds","time_to_incident_seconds","time_to_ticket_seconds","time_to_correlate_seconds","time_to_resolve_seconds","so_canh_bao_goc","so_incident","so_phieu_glpi","so_alert_accepted","so_alert_duplicate","so_incident_created","so_incident_updated","so_ticket_created","so_ticket_updated","so_ticket_reused","so_ticket_failed","so_incident_trung_tranh","so_ticket_trung_tranh","ket_qua","ghi_chu"
"O-01","FPT mất, Viettel còn hoạt động","2026-08-03T09:44:20.6077848Z","2026-08-03T09:44:31.5091404Z","2026-08-03T09:44:43.6607392Z","2026-08-03 09:44:42.086787+00","2026-08-03 09:44:42.654187+00","2026-08-03T09:45:04.3011576Z","N/A","N/A","10.901","21.479","N/A","N/A","N/A","2","1","1","2","N/A","N/A","N/A","N/A","N/A","N/A","N/A","N/A","N/A","ĐẠT","Failover thực tế 4.002 giây; một email firing và một phiếu GLPI."
"O-02","Cả FPT và Viettel cùng mất","2026-08-03T09:45:12.3807718Z","2026-08-03T09:45:17.0035593Z","2026-08-03T09:45:32.3238791Z","2026-08-03 09:45:32.027436+00","2026-08-03 09:45:32.423401+00","2026-08-03T09:46:12.5747822Z","N/A","N/A","4.623","19.647","N/A","N/A","N/A","6","1","1","6","N/A","N/A","N/A","N/A","N/A","N/A","N/A","N/A","N/A","ĐẠT","BothWANDown là cảnh báo chính; CRM/CFONO được gây dừng thật để kiểm chứng gom triệu chứng vào một phiếu."
"O-03","FPT phục hồi và failback ổn định","2026-08-03T09:46:52.5702770Z","2026-08-03T09:47:06.5591645Z","2026-08-03 09:47:01.998+00","2026-08-03 09:47:02.006227+00","2026-08-03 09:47:02.376089+00","2026-08-03T09:47:07.5108442Z","N/A","N/A","13.989","9.436","N/A","N/A","N/A","1","1","1","1","N/A","N/A","N/A","N/A","N/A","N/A","N/A","N/A","N/A","ĐẠT","Failback 8.775 giây, dùng lại và đóng phiếu GLPI #6."
"O-04","CRM mất độc lập","2026-08-03T09:47:23.1585563Z","2026-08-03T09:47:26.9743069Z","2026-08-03T09:47:43.0305759Z","2026-08-03 09:47:42.029025+00","2026-08-03 09:47:42.402393+00","2026-08-03T09:47:54.2249835Z","N/A","N/A","3.816","18.87","N/A","N/A","N/A","2","1","1","2","N/A","N/A","N/A","N/A","N/A","N/A","N/A","N/A","N/A","ĐẠT","CRMDown độc lập, dịch vụ còn lại không ảnh hưởng, phiếu GLPI #2 đã đóng."
"O-05","CFONO mất độc lập","2026-08-03T09:48:10.0398079Z","2026-08-03T09:48:11.8690592Z","2026-08-03T09:48:27.9372133Z","2026-08-03 09:48:27.023286+00","2026-08-03 09:48:27.399445+00","2026-08-03T09:48:39.1376116Z","N/A","N/A","1.829","16.983","N/A","N/A","N/A","2","1","1","2","N/A","N/A","N/A","N/A","N/A","N/A","N/A","N/A","N/A","ĐẠT","CFONODown độc lập, dịch vụ còn lại không ảnh hưởng, phiếu GLPI #1 đã đóng."
"O-06","Exporter Ubuntu dừng","2026-08-03T09:48:55.0026635Z","2026-08-03T09:48:58.3027451Z","2026-08-03T09:49:12.3599184Z","2026-08-03 09:49:12.025267+00","2026-08-03 09:49:12.398615+00","2026-08-03T09:49:17.8924812Z","N/A","N/A","3.3","17.023","N/A","N/A","N/A","2","1","1","2","N/A","N/A","N/A","N/A","N/A","N/A","N/A","N/A","N/A","ĐẠT","Target DOWN/UP đúng; không tạo incident WAN; monitoring-exporter và GLPI đã đóng."
"O-07","Cảnh báo trùng","2026-08-03T09:49:33.6945604Z","2026-08-03T09:49:40.0422595Z","","","","2026-08-03T09:49:47.9205479Z","N/A","N/A","6.348","N/A","N/A","N/A","N/A","0","0","0","0","N/A","N/A","N/A","N/A","N/A","N/A","N/A","N/A","N/A","ĐẠT","Phiên lịch sử xác nhận DB không đổi nhưng chưa ghi số duplicate dạng cấu trúc; giữ N/A."
"O-08","Chất lượng đường truyền FPT suy giảm","2026-08-03T09:49:55.9443392Z","2026-08-03T09:50:02.7879535Z","2026-08-03T09:50:38.9101182Z","2026-08-03 09:50:22.021671+00","2026-08-03 09:50:22.401592+00","2026-08-03T09:50:57.5224905Z","N/A","N/A","6.844","26.077","N/A","N/A","N/A","4","1","1","4","N/A","N/A","N/A","N/A","N/A","N/A","N/A","N/A","N/A","ĐẠT","Netem thật: delay 180 ms, loss 40%; hai cảnh báo cùng provider gom một incident và một phiếu."
"O-09","Khởi động lại hệ thống Docker, giữ volume","2026-08-03T09:51:13.2266824Z","2026-08-03T09:51:30.9870737Z","","","","2026-08-03T09:51:31.7814703Z","N/A","N/A","17.76","N/A","N/A","N/A","N/A","0","0","0","0","N/A","N/A","N/A","N/A","N/A","N/A","N/A","N/A","N/A","ĐẠT","Restart không dùng down -v; PostgreSQL, workflow, GLPI, Prometheus và dashboard còn nguyên."
